jbutt@gmail.com,6649 N Blue Gum St,James,New Orleans
josephine_darakjy@darakjy.org,4 B Blue Ridge Blvd,Josephine,Brighton
art@venere.org,8 W Cerritos Ave #54,Art,Bridgeport
lpaprocki@hotmail.com,639 Main St,Lenna,Anchorage
donette.foller@cox.net,34 Center St,Donette,Hamilton
simona@morasca.com,3 Mcauley Dr,Simona,Ashland
mitsue_tollner@yahoo.com,7 Eads St,Mitsue,Chicago
leota@hotmail.com,7 W Jackson Blvd,Leota,San Jose
sage_wieser@cox.net,5 Boston Ave #88,Sage,Sioux Falls
kris@gmail.com,228 Runamuck Pl #2808,Kris,Baltimore
minna_amigon@yahoo.com,2371 Jerrold Ave,Minna,Kulpsville
amaclead@gmail.com,37275 St  Rt 17m M,Abel,Middle Island
kiley.caldarera@aol.com,25 E 75th St #69,Kiley,Los Angeles
gruta@cox.net,98 Connecticut Ave Nw,Graciela,Chagrin Falls
calbares@gmail.com,56 E Morehead St,Cammy,Laredo
mattie@aol.com,73 State Road 434 E,Mattie,Phoenix
meaghan@hotmail.com,69734 E Carrillo St,Meaghan,Mc Minnville
gladys.rim@rim.org,322 New Horizon Blvd,Gladys,Milwaukee
yuki_whobrey@aol.com,1 State Route 27,Yuki,Taylor
fletcher.flosi@yahoo.com,394 Manchester Blvd,Fletcher,Rockford
bette_nicka@cox.net,6 S 33rd St,Bette,Aston
vinouye@aol.com,6 Greenleaf Ave,Veronika,San Jose
willard@hotmail.com,618 W Yakima Ave,Willard,Irving
mroyster@royster.com,74 S Westgate St,Maryann,Albany
alisha@slusarski.com,3273 State St,Alisha,Middlesex
allene_iturbide@cox.net,1 Central Ave,Allene,Stevens Point
chanel.caudy@caudy.org,86 Nw 66th St #8673,Chanel,Shawnee
ezekiel@chui.com,2 Cedar Ave #84,Ezekiel,Easton
wkusko@yahoo.com,90991 Thorburn Ave,Willow,New York
bfigeroa@aol.com,386 9th Ave N,Bernardo,Conroe
ammie@corrio.com,74874 Atlantic Ave,Ammie,Columbus
francine_vocelka@vocelka.com,366 South Dr,Francine,Las Cruces
ernie_stenseth@aol.com,45 E Liberty St,Ernie,Ridgefield Park
albina@glick.com,4 Ralph Ct,Albina,Dunellen
asergi@gmail.com,2742 Distribution Way,Alishia,New York
solange@shinko.com,426 Wolf St,Solange,Metairie
jose@yahoo.com,128 Bransten Rd,Jose,New York
rozella.ostrosky@ostrosky.com,17 Morena Blvd,Rozella,Camarillo
valentine_gillian@gmail.com,775 W 17th St,Valentine,San Antonio
kati.rulapaugh@hotmail.com,6980 Dorsett Rd,Kati,Abilene
youlanda@aol.com,2881 Lewis Rd,Youlanda,Prineville
doldroyd@aol.com,7219 Woodfield Rd,Dyan,Overland Park
roxane@hotmail.com,1048 Main St,Roxane,Fairbanks
lperin@perin.org,678 3rd Ave,Lavera,Miami
erick.ferencz@aol.com,20 S Babcock St,Erick,Fairbanks
fsaylors@saylors.org,2 Lighthouse Ave,Fatima,Hopkins
jina_briddick@briddick.com,38938 Park Blvd,Jina,Boston
kanisha_waycott@yahoo.com,5 Tomahawk Dr,Kanisha,Los Angeles
emerson.bowley@bowley.org,762 S Main St,Emerson,Madison
bmalet@yahoo.com,209 Decker Dr,Blair,Philadelphia
bbolognia@yahoo.com,4486 W O St #1,Brock,New York
lnestle@hotmail.com,39 S 7th St,Lorrie,Tullahoma
sabra@uyetake.org,98839 Hawthorne Blvd #6101,Sabra,Columbia
mmastella@mastella.com,71 San Mateo Ave,Marjory,Wayne
karl_klonowski@yahoo.com,76 Brooks St #9,Karl,Flemington
twenner@aol.com,4545 Courthouse Rd,Tonette,Westbury
amber_monarrez@monarrez.org,14288 Foster Ave #4121,Amber,Jenkintown
shenika@gmail.com,4 Otis St,Shenika,Van Nuys
delmy.ahle@hotmail.com,65895 S 16th St,Delmy,Providence
deeanna_juhas@gmail.com,14302 Pennsylvania Ave,Deeanna,Huntingdon Valley
bpugh@aol.com,201 Hawk Ct,Blondell,Providence
jamal@vanausdal.org,53075 Sw 152nd Ter #615,Jamal,Monroe Township
cecily@hollack.org,59 N Groesbeck Hwy,Cecily,Austin
carmelina_lindall@lindall.com,2664 Lewis Rd,Carmelina,Littleton
maurine_yglesias@yglesias.com,59 Shady Ln #53,Maurine,Milwaukee
tawna@gmail.com,3305 Nabell Ave #679,Tawna,New York
penney_weight@aol.com,18 Fountain St,Penney,Anchorage
elly_morocco@gmail.com,7 W 32nd St,Elly,Erie
ilene.eroman@hotmail.com,2853 S Central Expy,Ilene,Glen Burnie
vmondella@mondella.com,74 W College St,Vallie,Boise
kallie.blackwood@gmail.com,701 S Harrison Rd,Kallie,San Francisco
johnetta_abdallah@aol.com,1088 Pinehurst St,Johnetta,Chapel Hill
brhym@rhym.com,30 W 80th St #1995,Bobbye,San Carlos
micaela_rhymes@gmail.com,20932 Hedley St,Micaela,Concord
tamar@hotmail.com,2737 Pistorio Rd #9230,Tamar,London
moon@yahoo.com,74989 Brandon St,Moon,Wellsville
laurel_reitler@reitler.com,6 Kains Ave,Laurel,Baltimore
delisa.crupi@crupi.com,47565 W Grand Ave,Delisa,Newark
viva.toelkes@gmail.com,4284 Dorigo Ln,Viva,Chicago
elza@yahoo.com,6794 Lake Dr E,Elza,Newark
devorah@hotmail.com,31 Douglas Blvd #950,Devorah,Clovis
timothy_mulqueen@mulqueen.org,44 W 4th St,Timothy,Staten Island
ahoneywell@honeywell.com,11279 Loytan St,Arlette,Jacksonville
dominque.dickerson@dickerson.org,69 Marquette Ave,Dominque,Hayward
lettie_isenhower@yahoo.com,70 W Main St,Lettie,Beachwood
mmunns@cox.net,461 Prospect Pl #316,Myra,Euless
stephaine@barfield.com,47154 Whipple Ave Nw,Stephaine,Gardena
lai.gato@gato.org,37 Alabama Ave,Lai,Evanston
stephen_emigh@hotmail.com,3777 E Richmond St #900,Stephen,Akron
tshields@gmail.com,3 Fort Worth Ave,Tyra,Philadelphia
twardrip@cox.net,4800 Black Horse Pike,Tammara,Burlingame
cory.gibes@gmail.com,83649 W Belmont Ave,Cory,San Gabriel
danica_bruschke@gmail.com,840 15th Ave,Danica,Waco
wilda@cox.net,1747 Calle Amanecer #2,Wilda,Anchorage
elvera.benimadho@cox.net,99385 Charity St #840,Elvera,San Jose
carma@cox.net,68556 Central Hwy,Carma,San Leandro
malinda.hochard@yahoo.com,55 Riverside Ave,Malinda,Indianapolis
natalie.fern@hotmail.com,7140 University Ave,Natalie,Rock Springs
lisha@centini.org,64 5th Ave #1153,Lisha,Mc Lean
